"year","cluster","n","partnership_mean","partnership2_mean"
"1996",1,19,0,0.447368421052632
"1996",2,85,0.0470588235294118,0.458823529411765
"1996",3,59,0,0.457627118644068
"2013",1,9,2,2.55555555555556
"2013",2,54,0.666666666666667,1.03703703703704
"2013",3,100,0.64,0.985
"2023",1,17,2.41176470588235,2.73529411764706
"2023",2,28,1.46428571428571,1.875
"2023",3,117,1.33333333333333,1.64957264957265
